Exporters,Regionexp
Afghanistan,Asia
Algeria,Africa
Argentina,Americas
Armenia,Asia
Australia,Oceania
Austria,Europe
Azerbaijan,Asia
Bahrain,
Bangladesh,Asia
Belarus,Europe
Belgium,Europe
Bosnia and Herzegovina,Africa
Botswana,Africa
Brazil,Americas
Bulgaria,Africa
Burundi,Africa
Cameroon,Africa
Canada,Americas
Chile,Americas
"China, Hong Kong SAR",Asia
"China, mainland",Asia
"China, Taiwan Province of",Asia
Colombia,Americas
Congo,Africa
Costa Rica,Americas
Côte d'Ivoire,Africa
Croatia,Europe
Cyprus,Asia
Czechia,Europe
Democratic Republic of the Congo,Africa
Denmark,Europe
Egypt,Africa
El Salvador,Africa
Estonia,Europe
Eswatini,Africa
Ethiopia,Africa
Fiji,Oceania
Finland,Europe
France,Europe
Georgia,Asia
Germany,Europe
Ghana,Africa
Greece,Europe
Guatemala,Americas
Guinea,Africa
Guyana,Americas
Hungary,Europe
India,Asia
Indonesia,Asia
Iran (Islamic Republic of),Asia
Ireland,Europe
Israel,Asia
Italy,Europe
Jordan,Asia
Kazakhstan,Asia
Kenya,Africa
Kuwait,Asia
Kyrgyzstan,Asia
Latvia,Europe
Lebanon,Asia
Lithuania,Europe
Luxembourg,Europe
Malaysia,Asia
Maldives,Asia
Mali,Africa
Mexico,Americas
Mongolia,Asia
Montenegro,Europe
Morocco,Africa
Namibia,Africa
Nepal,Asia
Netherlands,Europe
New Caledonia,Oceania
New Zealand,Oceania
Nicaragua,Americas
Nigeria,Africa
North Macedonia,Europe
Norway,Europe
Oman,Asia
Pakistan,Asia
Panama,Asia
Papua New Guinea,Oceania
Paraguay,Americas
Peru,Americas
Philippines,Asia
Poland,Europe
Portugal,Europe
Republic of Korea,Asia
Republic of Moldova,Europe
Romania,Europe
Russian Federation,Europe
Rwanda,Africa
Saint Vincent and the Grenadines,Americas
Saudi Arabia,Asia
Senegal,Africa
Serbia,Europe
Singapore,Asia
Slovakia,Europe
Slovenia,Europe
South Africa,Africa
Spain,Europe
Sri Lanka,Asia
Sweden,Europe
Switzerland,Europe
Syrian Arab Republic,Asia
Thailand,Asia
Togo,Africa
Tunisia,Africa
Turkey,Asia
Uganda,Africa
Ukraine,Europe
United Arab Emirates,Asia
United Kingdom of Great Britain and Northern Ireland,Europe
United Republic of Tanzania,Africa
United States of America,Americas
Uruguay,Americas
Yemen,Asia
Zambia,Africa
Zimbabwe,Africa
